{
  "summary": {
    "total_records": 30012,
    "inserted_rows": 0,
    "skipped_without_id": 1416,
    "batch_size": 2000
  },
  "issue_counts": {
    "missing_p_id": 1416,
    "date_parse_fail": 0,
    "gpa_non_numeric": 0,
    "gre_non_numeric": 0,
    "gre_v_non_numeric": 0,
    "gre_aw_non_numeric": 0,
    "degree_non_numeric": 28596
  },
  "issue_samples": {
    "missing_p_id": [
      "https://www.thegradcafe.com/survey/#row",
      "https://www.thegradcafe.com/survey/?page=2#row",
      "https://www.thegradcafe.com/survey/?page=3#row",
      "https://www.thegradcafe.com/survey/?page=5#row",
      "https://www.thegradcafe.com/survey/?page=6#row",
      "https://www.thegradcafe.com/survey/?page=7#row",
      "https://www.thegradcafe.com/survey/?page=8#row",
      "https://www.thegradcafe.com/survey/?page=9#row",
      "https://www.thegradcafe.com/survey/?page=10#row",
      "https://www.thegradcafe.com/survey/?page=11#row",
      "https://www.thegradcafe.com/survey/?page=12#row",
      "https://www.thegradcafe.com/survey/?page=13#row",
      "https://www.thegradcafe.com/survey/?page=14#row",
      "https://www.thegradcafe.com/survey/?page=15#row",
      "https://www.thegradcafe.com/survey/?page=16#row",
      "https://www.thegradcafe.com/survey/?page=17#row",
      "https://www.thegradcafe.com/survey/?page=18#row",
      "https://www.thegradcafe.com/survey/?page=19#row",
      "https://www.thegradcafe.com/survey/?page=20#row",
      "https://www.thegradcafe.com/survey/?page=21#row"
    ],
    "date_parse_fail": [],
    "gpa_non_numeric": [],
    "gre_non_numeric": [],
    "gre_v_non_numeric": [],
    "gre_aw_non_numeric": [],
    "degree_non_numeric": [
      986420,
      986419,
      986418,
      986417,
      986416,
      986415,
      986414,
      986413,
      986412,
      986411,
      986410,
      986409,
      986408,
      986407,
      986406,
      986405,
      986404,
      986403,
      986402,
      986401
    ]
  }
}